{
	"info": {
		"_postman_id": "a506c15f-737d-4396-9cba-9787a1b18fe5",
		"name": "Airbnb",
		"schema": "https://schema.getpostman.com/json/collection/v2.0.0/collection.json",
		"_exporter_id": "12158452"
	},
	"item": [
		{
			"name": "user",
			"item": [
				{
					"name": "user registration",
					"request": {
						"method": "POST",
						"header": [],
						"body": {
							"mode": "raw",
							"raw": "{\r\n    \"firstName\":\"Anil\",\r\n    \"lastName\":\"Ambani\",\r\n    \"email\":\"anil@gmail.com\",\r\n    \"password\":\"anil\",\r\n    \"phone\":\"9873457829\"\r\n}",
							"options": {
								"raw": {
									"language": "json"
								}
							}
						},
						"url": "{{URL}}/users/registration"
					},
					"response": []
				},
				{
					"name": "user login",
					"request": {
						"method": "POST",
						"header": [],
						"body": {
							"mode": "raw",
							"raw": "{\r\n    \"email\":\"anil@gmail.com\",\r\n    \"password\":\"anil\"\r\n}",
							"options": {
								"raw": {
									"language": "json"
								}
							}
						},
						"url": "{{URL}}/users/login"
					},
					"response": []
				},
				{
					"name": "user profile",
					"request": {
						"method": "GET",
						"header": [
							{
								"key": "token",
								"value": "",
								"type": "text",
								"disabled": true
							}
						],
						"url": "{{URL}}/users/profile"
					},
					"response": []
				},
				{
					"name": "user update profile",
					"request": {
						"method": "PUT",
						"header": [
							{
								"key": "token",
								"value": "{{TOKEN}}",
								"type": "text"
							}
						],
						"body": {
							"mode": "raw",
							"raw": "{\r\n    \"firstName\":\"Anil\",\r\n    \"lastName\":\"Ambani\",\r\n    \"phone\":\"8947382765\"\r\n}",
							"options": {
								"raw": {
									"language": "json"
								}
							}
						},
						"url": "{{URL}}/users/profile"
					},
					"response": []
				}
			]
		},
		{
			"name": "category",
			"item": [
				{
					"name": "category add",
					"request": {
						"method": "POST",
						"header": [
							{
								"key": "token",
								"value": "{{TOKEN}}",
								"type": "text"
							}
						],
						"body": {
							"mode": "formdata",
							"formdata": [
								{
									"key": "title",
									"value": "beach house",
									"type": "text"
								},
								{
									"key": "details",
									"value": "good view of the beach",
									"type": "text"
								},
								{
									"key": "icon",
									"type": "file",
									"src": "/D:/Training/Courses/PG/FEB-25/DAC/AWP/awp/Day11/resources/image1.jpg"
								}
							]
						},
						"url": "{{URL}}/category"
					},
					"response": []
				},
				{
					"name": "category icon",
					"request": {
						"method": "GET",
						"header": [],
						"url": "{{URL}}/0c7ce9acbc5b99ee15b808855747ded3.jpg "
					},
					"response": []
				}
			]
		},
		{
			"name": "property",
			"item": [
				{
					"name": "property add",
					"request": {
						"method": "POST",
						"header": [
							{
								"key": "token",
								"value": "{{TOKEN}}",
								"type": "text"
							}
						],
						"body": {
							"mode": "raw",
							"raw": "{\r\n    \"categoryId\":1,\r\n    \"title\":\"3BHK villa in alibag\",\r\n    \"details\":\"this is banglow\",\r\n    \"address\":\"Alibag\",\r\n    \"contactNo\":\"8983049388\",\r\n    \"ownerName\":\"Anil Ambani\",\r\n    \"isLakeView\":1,\r\n    \"isTV\":1,\r\n    \"isAC\":1,\r\n    \"isWifi\":1,\r\n    \"isMiniBar\":0,\r\n    \"isBreakfast\":1,\r\n    \"isParking\":1,\r\n    \"guests\":9,\r\n    \"bedrooms\":3,\r\n    \"beds\":2,\r\n    \"bathrooms\":2,\r\n    \"rent\":5000\r\n}",
							"options": {
								"raw": {
									"language": "json"
								}
							}
						},
						"url": "{{URL}}/property/"
					},
					"response": []
				},
				{
					"name": "property get",
					"request": {
						"method": "GET",
						"header": [
							{
								"key": "token",
								"value": "{{TOKEN}}",
								"type": "text"
							}
						],
						"url": "{{URL}}/property/"
					},
					"response": []
				}
			]
		},
		{
			"name": "booking",
			"item": [
				{
					"name": "booking add",
					"request": {
						"method": "POST",
						"header": [
							{
								"key": "token",
								"value": "{{TOKEN}}",
								"type": "text"
							}
						],
						"body": {
							"mode": "raw",
							"raw": "{\r\n    \"propertyId\":1,\r\n    \"total\":5000,\r\n    \"fromDate\":\"4-4-2025\",\r\n    \"toDate\":\"7-4-2025\"\r\n}",
							"options": {
								"raw": {
									"language": "json"
								}
							}
						},
						"url": "{{URL}}/booking"
					},
					"response": []
				},
				{
					"name": "get bookings",
					"request": {
						"method": "GET",
						"header": [
							{
								"key": "token",
								"value": "{{TOKEN}}",
								"type": "text"
							}
						],
						"url": "{{URL}}/booking"
					},
					"response": []
				}
			]
		}
	],
	"event": [
		{
			"listen": "prerequest",
			"script": {
				"type": "text/javascript",
				"packages": {},
				"exec": [
					""
				]
			}
		},
		{
			"listen": "test",
			"script": {
				"type": "text/javascript",
				"packages": {},
				"exec": [
					""
				]
			}
		}
	],
	"variable": [
		{
			"key": "URL",
			"value": "localhost:4000",
			"type": "string"
		},
		{
			"key": "TOKEN",
			"value": "eyJhbGciOiJIUzI1NiIsInR5cCI6IkpXVCJ9.eyJpZCI6MSwiaWF0IjoxNzQzNzM4MDYyfQ.IifsKlQZQUVOg-fFtMI_zXMkdcq8YDvXfhLXRQBu9h8",
			"type": "string"
		}
	]
}